practice,a,b
Bel Air,-76.34544,39.51941
Havre de Grace,-76.09081,39.54127
Franklin Square,-76.47734,39.35014
