practice,a,b
HEA,-95.4084625,29.7770653
