practice,a,b
Pasadena,-95.164398,29.650301
Tanglewood,-95.478714,29.763917
